3.6719153918354883e-6,3.25692027707795e-5,9.232946502772782e-5,0.0001066253347609364,5.5986294404397456e-5,1.570433900237984e-5,4.663009323405508e-6,3.4017351969578064e-6,2.646597440131713e-6,2.1044065276129696e-6,1.9956789889949607e-6,9.076897334804468e-7,1.3410099064028717e-7,5.225758519481016e-9,4.0657899751322936e-11,5.453322127951024e-14,1.2061165813774963e-17,4.349899732474473e-22,2.5513238538913772e-27,2.4320360746439904e-33
1.8336778982525594e-6,2.033765579812025e-5,6.847623632225536e-5,8.94226735995221e-5,5.167746088366971e-5,1.584503008149312e-5,5.39839287554158e-6,3.175139802937242e-6,2.2182865433671223e-6,1.9194201323107437e-6,1.7537919948355284e-6,6.879709567038632e-7,7.641173706953264e-8,2.3308548386771617e-9,1.6395884629306526e-11,2.1368615967383007e-14,4.691921405450055e-18,1.689149172254355e-22,9.902993092996391e-28,9.438985053867102e-34
3.712754894679224e-7,6.364381247026596e-6,2.8771814874049635e-5,4.3875991776043875e-5,2.6863779985691852e-5,7.597459198461644e-6,2.5051440681430606e-6,9.791154126751175e-7,8.688479135046899e-7,2.0257429738537464e-6,2.189709229857928e-6,7.819059565651607e-7,6.007444930088382e-8,8.529728250471492e-10,2.4912148431330804e-12,1.806929852583363e-15,3.125786970928752e-19,1.0482125329153835e-23,6.031600419974088e-29,5.721769131730312e-35
6.59905576612641e-8,1.7356285295561227e-6,1.040242810724196e-5,1.7598244236708775e-5,1.0645074715248073e-5,2.038017939156639e-6,3.3062344283661785e-7,1.566703007740954e-7,1.4894977696854146e-6,5.6693738297187745e-6,6.3718155689359336e-6,2.2761112184406498e-6,1.7135710147705725e-7,2.211702354983829e-9,4.684508817569316e-12,1.6196878937182445e-15,9.2138132216728e-20,8.91932664264102e-25,1.635097642270549e-30,6.949119121702748e-37
7.550581233875691e-9,2.921039758240979e-7,2.1754320252012415e-6,4.012354113481506e-6,2.518119330809771e-6,4.121484793105193e-7,1.7382109219997728e-8,7.249452541787977e-8,1.3912357947345073e-6,5.3359301234493655e-6,5.999219646948274e-6,2.1431411874319795e-6,1.6134778694310188e-7,2.0821167546120858e-9,4.405721812157041e-12,1.5170695132859399e-15,8.49051052861086e-20,7.721962128756551e-25,1.141369537676742e-30,2.743086364244856e-37
2.9765324099887416e-10,1.3097988927175094e-8,1.0361701088473566e-7,1.960719901014032e-7,1.2513978120673474e-7,2.0501471005082738e-8,7.684778052432786e-10,1.6846343271250705e-8,3.2911592335005966e-7,1.2623652146561744e-6,1.4192868227174822e-6,5.070214247876885e-7,3.817144930034733e-8,4.925845114427046e-10,1.0422994020578811e-12,3.5890498861351653e-16,2.0086389251904802e-20,1.8267191505696811e-25,2.699447950895781e-31,6.482002028416498e-38
1.810857446631592e-12,8.144187802916266e-11,6.517572956679757e-10,1.2405925708823315e-9,7.954626564567725e-10,1.3091937025194353e-10,8.60813542170465e-12,5.411216151481008e-10,1.057457969719603e-8,4.056013741083801e-8,4.560207143393764e-8,1.6290736215776533e-8,1.226459043855805e-9,1.5826874281300578e-11,3.348936318573176e-14,1.1531714860081685e-17,6.4538114453726125e-22,5.8692981478756964e-27,8.673398732619706e-33,2.08268397488909e-39
1.328849757497635e-15,6.007037441240496e-14,4.824511266871948e-13,9.204044262485006e-13,5.913347284280171e-13,9.758960710716127e-14,2.0065729413260328e-14,1.9859221530371783e-12,3.8809983921908744e-11,1.4886060079795467e-10,1.6736510733634437e-10,5.978896856238996e-11,4.501252751560752e-12,5.808653926461202e-14,1.2291000579530721e-16,4.232278566846231e-20,2.3686267121680236e-24,2.1541032756119374e-29,3.1832420417986015e-35,7.643701612676264e-42
1.123442399575264e-19,5.089689522434438e-18,4.095231276903206e-17,7.82264083634748e-17,5.0316398339126166e-17,8.324581467046322e-18,7.267703479834457e-18,8.138607679913899e-16,1.5905008785067975e-14,6.100567237622481e-14,6.858914212788492e-14,2.4502562855972804e-14,1.8446919411337182e-15,2.3804877616042354e-17,5.037066561007647e-20,1.7344616256412663e-23,9.707045679617586e-28,8.827891194319812e-33,1.304548148101177e-38,3.132522331798668e-45
1.0787302121095388e-24,4.8932924437108057e-23,3.9415358870499665e-22,7.534904181702444e-22,4.850024127003961e-22,8.067472607872857e-23,3.226781122145094e-22,3.714759584432955e-20,7.259639284241553e-19,2.7845264454208663e-18,3.130664292100457e-18,1.1183883661223794e-18,8.419862110631276e-20,1.0865434093258167e-21,2.299105066816234e-24,7.916729833549002e-28,4.4306577321385906e-32,4.029378831575914e-37,5.954444359387527e-43,1.4298000389164181e-49
1.1674787364208557e-30,5.299926119905252e-29,4.27195259278366e-28,8.170450749412119e-28,5.261422535054976e-28,8.93738750395972e-29,1.630193277725562e-27,1.8878934978349466e-25,3.6894525819290264e-24,1.4151361908461873e-23,1.591048398346815e-23,5.683809736926024e-24,4.279094427091346e-25,5.521969108933914e-27,1.1684380990383169e-29,4.02339540320423e-33,2.2517236696792065e-37,2.0477879894334008e-42,3.0261338416111354e-48,7.266448426343081e-55
1.4174230163921662e-37,6.437571762800582e-36,5.191062644308339e-35,9.931202683462566e-35,6.39700074367563e-35,1.1889197075139459e-35,9.212679095720724e-34,1.0682581338325522e-31,2.087664347503314e-30,8.00750058956825e-30,9.002893905338983e-30,3.216164642939008e-30,2.4213112044900185e-31,3.124587667348554e-33,6.611567725738574e-36,2.2766247709317203e-39,1.2741302730530501e-43,1.15873395357755e-48,1.7123276669451723e-54,4.111695427930236e-61
1.9247665811863797e-45,8.744241676337551e-44,7.052827034936388e-43,1.3495364544196637e-42,8.694331222987174e-43,2.2574908215199003e-43,5.802515925014021e-41,6.730157786500695e-39,1.3152542616268684e-37,5.044824034098169e-37,5.6719340875551504e-37,2.0262233523220154e-37,1.5254558924860563e-38,1.9685287293543056e-40,4.165369130203516e-43,1.4343016566220173e-46,8.027177709413743e-51,7.300166678412762e-56,1.0787875282469657e-61,2.590418780953548e-68
2.9180638446093574e-54,1.3259023919633847e-52,1.0695881190954922e-51,2.0468371418169782e-51,1.3188956250418948e-51,7.920095086674354e-52,4.069957911151515e-49,4.720895828897874e-47,9.225903122181869e-46,3.5387118038666723e-45,3.978600635170256e-45,1.4213023974014564e-45,1.0700370789014779e-46,1.3808322755626135e-48,2.92181467755555e-51,1.0060965790457458e-54,5.630695604057116e-59,5.120730836295871e-64,7.567197853223172e-70,1.8170595158839432e-76
4.933681965621404e-64,2.2419773608528205e-62,1.808732433461688e-61,3.461529588114309e-61,2.2313957134782928e-61,4.849151889409448e-61,3.1785838013769893e-58,3.687004769425647e-56,7.205401276665602e-55,2.763722771814971e-54,3.107274563405459e-54,1.110032695242806e-54,8.356955879862887e-56,1.0784256575682873e-57,2.281928059402858e-60,7.857582590126692e-64,4.397555529977707e-68,3.999274652754285e-73,5.909957686559925e-79,1.4191177581357158e-85
9.296509554662577e-75,4.22479589536678e-73,3.408564136314746e-72,6.523508799284287e-72,4.212367133292135e-72,3.9650114487291756e-71,2.7639606604963223e-68,3.2060706574808203e-66,6.2655263705710754e-65,2.4032218668837103e-64,2.7019606500848558e-64,9.652396663546152e-65,7.266871813586223e-66,9.377554610423367e-68,1.984272614800284e-70,6.832636939571249e-74,3.8239369441304255e-78,3.4776079551788125e-83,5.1390608672993016e-89,1.2340075722555391e-95
1.951504794075519e-86,8.868919458874668e-85,7.155663016082272e-84,1.369522783952049e-83,8.91117959729775e-84,3.7859932712706456e-82,2.675969106624134e-79,3.1040062495990022e-77,6.06606500278025e-76,2.326715937082631e-75,2.61594445047e-75,9.34511517958124e-76,7.035532879589158e-77,9.079022650217251e-79,1.9211038231602228e-81,6.615121757449257e-85,3.7022029272080445e-89,3.366899229629717e-94,4.975460229599418e-100,1.1947232689633818e-106
4.5626612562800485e-99,2.073616179481512e-97,1.6730753678645073e-96,3.2021443051027193e-96,2.1565647805343913e-96,4.0687811320614564e-94,2.8845670887186675e-91,3.345971151051138e-89,6.538929650170449e-88,2.5080891519528604e-87,2.8198637374537702e-87,1.007358983196103e-87,7.583969926140019e-89,9.786754737192341e-91,2.0708585787592166e-93,7.130786725735451e-97,3.990798727111078e-101,3.6293572837864227e-106,5.363309559600697e-112,1.2878548785073812e-118
1.1879690918443068e-112,5.3990910946332634e-111,4.356247102931764e-110,8.337636265922783e-110,6.491036949238662e-110,4.8800948664531937e-107,3.462026155601051e-104,4.0157984232566575e-102,7.84795271493126e-101,3.0101815010114793e-100,3.3843699898973707e-100,1.209021367415716e-100,9.102198762798209e-102,1.1745957292583943e-103,2.4854220912115193e-106,8.558293182183275e-110,4.7897135128773335e-114,4.355915397867108e-119,6.436986184457261e-125,1.5456695102930233e-131
3.4442480888952414e-127,1.5653559903761472e-125,1.2630128434610854e-124,2.417397224944029e-124,3.0522956456940626e-124,6.52027724654801e-121,4.626261335683035e-118,5.366260177069975e-116,1.048711904506452e-114,4.022467119137693e-114,4.522490420854777e-114,1.6155998218481516e-114,1.2163152030171554e-115,1.569597280972583e-117,3.321237817625754e-120,1.1436337944973046e-123,6.400433033411662e-128,5.82075414913634e-133,8.601662479362966e-139,2.0654584383427305e-145
